{
  "train_loss": [
    0.6247365907151649,
    0.5196850335344355,
    0.5059698470095371,
    0.5001869590992624,
    0.49620719044766526,
    0.4940661369486058,
    0.49201286130763117,
    0.491398656495074,
    0.4902757131038828,
    0.48929007598694335,
    0.4879615495813654,
    0.4872652717093204,
    0.48725424725958644,
    0.48671768421822403,
    0.4856637068251346,
    0.4860368808533283,
    0.48467327812884714,
    0.4844277097823772,
    0.4842327655629909,
    0.4834885408269598,
    0.48351470498328514,
    0.48277624566504296,
    0.4824544873643429,
    0.4822281606653903,
    0.48182640456138776,
    0.4813419446032098,
    0.4810453458035246,
    0.48066606635743,
    0.4801723773175098,
    0.48019752718032677,
    0.48005547713726127,
    0.47978087676332354,
    0.47971178521501256,
    0.478868737626583,
    0.4788851725294235,
    0.47871168712352186,
    0.4783307075500488,
    0.47833122598364,
    0.47775720433985935,
    0.4777775671887905,
    0.47718354932805324,
    0.4767667226334836,
    0.47682474750153564,
    0.47636573847304,
    0.47655158829181754,
    0.4760915342797624,
    0.4757280453722528,
    0.47528749856543034,
    0.47528880593624523,
    0.475209305007407,
    0.47466159019064397,
    0.4746549243622638,
    0.4739401897217365,
    0.47464158826685965,
    0.4737680288071328,
    0.47282779406993947,
    0.4732488515529227,
    0.47307787677075,
    0.47260399790520363,
    0.47242422940883233,
    0.4724998157075111,
    0.47202626821842597,
    0.4723164196978224,
    0.4715437134529682,
    0.4711748409778514,
    0.4714867712335384,
    0.47121840715408325,
    0.470946556583364,
    0.4707393594244693,
    0.4708652401224096,
    0.47068612803804116,
    0.47027451992034913,
    0.47024075401590226,
    0.46992332212468413,
    0.4699532489827339,
    0.4696512314867466,
    0.46912713418615626,
    0.46970535085556353,
    0.4691963180582574,
    0.4686792213866051,
    0.46891002895984246,
    0.4686661901626181,
    0.46854796371561414,
    0.4686419407103924,
    0.46805091690509876,
    0.46802076557849315,
    0.4676367731804543,
    0.46748167377837163,
    0.46724148481450184,
    0.46727187557423366,
    0.4677213132381439,
    0.46777543907469893,
    0.4671079218387604,
    0.46758166335998697,
    0.4665396988391876,
    0.4672923181919341,
    0.4665387206889213,
    0.4664847694812937,
    0.46624199862175797,
    0.466735592421065
  ],
  "val_loss": [
    0.5096245283881823,
    0.49037013699611026,
    0.48376791427532834,
    0.4800420564909776,
    0.4783809756239255,
    0.47683285797635716,
    0.4759534125526746,
    0.47530245532592136,
    0.47489235053459805,
    0.4741422546406587,
    0.4740029548605283,
    0.4733620012799899,
    0.472643264879783,
    0.47222353021303815,
    0.4723982426027457,
    0.4715781932075818,
    0.47129229952891666,
    0.47069115564227104,
    0.47008176023761433,
    0.4696228044728438,
    0.4692371164759,
    0.4688584717611472,
    0.4685826500256856,
    0.46788695454597473,
    0.467833253244559,
    0.46765268842379254,
    0.4668668607870738,
    0.4671747758984566,
    0.46663013597329456,
    0.466310266405344,
    0.46588513627648354,
    0.4659283955891927,
    0.4651370433469613,
    0.465068565060695,
    0.4646384281416734,
    0.46400585894783336,
    0.46407200892766315,
    0.4636375481883685,
    0.4633883535861969,
    0.462775328507026,
    0.4627950079739094,
    0.46263739715019864,
    0.461942916115125,
    0.46215997512141865,
    0.46142466614643735,
    0.46111706147591275,
    0.4610249785085519,
    0.46127736071745556,
    0.46068627883990604,
    0.4605625296632449,
    0.459198996424675,
    0.4592953361570835,
    0.4592536191145579,
    0.45840224251151085,
    0.45822321996092796,
    0.4580334996183713,
    0.4581101710597674,
    0.45766861860950786,
    0.45706435292959213,
    0.4572290952006976,
    0.45681509499748546,
    0.45623155931631726,
    0.4561999589204788,
    0.4563649718960126,
    0.45621203755338985,
    0.455811516692241,
    0.4550546196599801,
    0.45563995589812595,
    0.45450643574198085,
    0.45430034895737964,
    0.45421871915459633,
    0.45397838950157166,
    0.4546058140695095,
    0.4536087190111478,
    0.45361413309971493,
    0.45371905093391734,
    0.45341915885607403,
    0.45338045184810954,
    0.4529210353891055,
    0.45298690845568973,
    0.4527038397888343,
    0.45372549692789715,
    0.4526953473687172,
    0.4523870808382829,
    0.4519709361096223,
    0.4517046536008517,
    0.4512878122429053,
    0.45172949011127156,
    0.4521477570136388,
    0.4512263772388299,
    0.4509209990501404,
    0.4511226788163185,
    0.4507453528543313,
    0.4508281586070855,
    0.4505421705543995,
    0.4505693030854066,
    0.4502062313258648,
    0.4500674257675807,
    0.4495805303255717,
    0.4494856707751751
  ],
  "lr": [
    0.001,
    0.001,
    0.001,
    0.001,
    0.001,
    0.001,
    0.001,
    0.001,
    0.001,
    0.001,
    0.001,
    0.001,
    0.001,
    0.001,
    0.001,
    0.001,
    0.001,
    0.001,
    0.001,
    0.001,
    0.001,
    0.001,
    0.001,
    0.001,
    0.001,
    0.001,
    0.001,
    0.001,
    0.001,
    0.001,
    0.001,
    0.001,
    0.001,
    0.001,
    0.001,
    0.001,
    0.001,
    0.001,
    0.001,
    0.001,
    0.001,
    0.001,
    0.001,
    0.001,
    0.001,
    0.001,
    0.001,
    0.001,
    0.001,
    0.001,
    0.001,
    0.001,
    0.001,
    0.001,
    0.001,
    0.001,
    0.001,
    0.001,
    0.001,
    0.001,
    0.001,
    0.001,
    0.001,
    0.001,
    0.001,
    0.001,
    0.001,
    0.001,
    0.001,
    0.001,
    0.001,
    0.001,
    0.001,
    0.001,
    0.001,
    0.001,
    0.001,
    0.001,
    0.001,
    0.001,
    0.001,
    0.001,
    0.001,
    0.001,
    0.001,
    0.001,
    0.001,
    0.001,
    0.001,
    0.001,
    0.001,
    0.001,
    0.001,
    0.001,
    0.001,
    0.001,
    0.001,
    0.001,
    0.001,
    0.001
  ]
}