{
  "name": "anomaly",
  "n_features": 10,
  "f1": 0.2670571094453918,
  "precision": 0.2333808008041548,
  "recall": 0.3120911371986737,
  "threshold": 0.025991853326559067,
  "tp": 27861,
  "fp": 91519,
  "fn": 61411,
  "tn": 986961,
  "auc": 0.7213
}